Ingredient,teaspoon,tablespoon,cup,large,large head,ounces,grams
'00' Pizza Flour,48,16,1,,,4,116
Agave syrup,12,4,1/4,,,3,84
All-Purpose Baking Mix,48,16,1,,,4 1/4,120
All-Purpose Flour,48,16,1,,,4 1/4,120
Almond butter,12,4,1/4,,,2 1/3,68
Almond Flour,48,16,1,,,3 3/8,96
Almond meal,48,16,1,,,3,84
Almond paste (packed),48,16,1,,,9 1/8,259
Almonds (sliced),24,8,1/2,,,1 1/2,43
Almonds (slivered),24,8,1/2,,,2,57
Almonds whole (unblanched),48,16,1,,,5,142
Amaranth flour,48,16,1,,,3 5/8,103
Apple juice concentrate,12,4,1/4,,,2 1/2,70
Apples (dried diced),48,16,1,,,3,85
Apples (peeled sliced),48,16,1,,,4,113
Applesauce,48,16,1,,,9,255
Apricots (dried diced),24,8,1/2,,,2 1/4,64
Artisan Bread Flour,48,16,1,,,4 1/4,120
Artisan Bread Topping,12,4,1/4,,,1 1/2,43
Baker's Cinnamon Filling,48,16,1,,,5 3/8,152
Baker's Fruit Blend,48,16,1,,,4 1/2,128
Baker's Special Sugar (superfine/castor sugar),48,16,1,,,6 3/4,190
Baking powder,1,1/3,1/48,,,1/8,4
Baking soda,1/2,1/6,1/64,,,1/10,3
Baking Sugar Alternative,48,16,1,,,6,170
Bananas (mashed),48,16,1,,,8,227
Barley (cooked),48,16,1,,,7 5/8,215
Barley (pearled),48,16,1,,,7 1/2,213
Barley flakes,24,8,1/2,,,1 5/8,46
Barley flour,48,16,1,,,3,85
Barley malt syrup,6,2,1/8,,,1 1/2,42
Basil pesto,6,2,1/8,,,1,28
Bell peppers (fresh),48,16,1,,,5,142
Berries (frozen),48,16,1,,,5,142
Better Cheddar Cheese Powder,24,8,1/2,,,2,57
Blueberries (dried),48,16,1,,,5 1/2,156
Blueberries (fresh or frozen),48,16,1,,,5 to 6,140 to 170
Blueberry juice,48,16,1,,,8 1/2,241
Boiled cider,12,4,1/4,,,3,85
Bran cereal,48,16,1,,,2 1/8,60
Bread Flour,48,16,1,,,4 1/4,120
Breadcrumbs (dried),12,4,1/4,,,1,28
Breadcrumbs (fresh),12,4,1/4,,,3/4,21
Breadcrumbs (Japanese Panko),48,16,1,,,1 3/4,50
Brown rice (cooked),48,16,1,,,6,170
Brown rice flour,48,16,1,,,4 1/2,128
Brown sugar (dark or light packed),48,16,1,,,7 1/2,213
Buckwheat (whole),48,16,1,,,6,170
Buckwheat Flour,48,16,1,,,4 1/4,120
Bulgur,48,16,1,,,5 3/8,152
Butter,24,8,1/2,,,4,113
Buttermilk,48,16,1,,,8,227
Buttermilk Biscuit Flour Blend,48,16,1,,,3 7/8,110
Buttermilk powder,6,2,1/8,,,2/3,18
Cacao nibs,48,16,1,,,4 1/4,120
Cake Enhancer,6,2,1/8,,,1/2,14
Candied Lemon Peel,12,4,1/4,,,1 1/3,37
Candied Orange Peel,12,4,1/4,,,7/8,25
Caramel (14-16 individual pieces),24,8,1/2,,,5,142
Caramel bits (chopped Heath or toffee),48,16,1,,,5 1/2,156
Caraway seeds,6,2,1/8,,,5/8,18
Carrots (cooked and pureed),24,8,1/2,,,4 1/2,128
Carrots (diced),48,16,1,,,5,142
Carrots (grated),48,16,1,,,3 1/2,99
Cashews (chopped),48,16,1,,,4,113
Cashews (whole),48,16,1,,,4,113
Celery (diced),48,16,1,,,5,142
Cheese (Feta),24,8,1/2,,,2,57
Cheese (grated cheddar/jack/mozzarella/Swiss),48,16,1,,,4,113
Cheese (grated Parmesan),24,8,1/2,,,1 3/4,50
Cheese (Ricotta),48,16,1,,,8,227
Cherries (candied),12,4,1/4,,,1 3/4,50
Cherries (dried),24,8,1/2,,,2 1/2,71
Cherries (fresh pitted chopped),24,8,1/2,,,2 7/8,80
Cherries (frozen),48,16,1,,,4,113
Cherry Concentrate,6,2,1/8,,,1 1/2,42
Chia seeds,12,4,1/4,,,1 1/3,37
Chickpea flour,48,16,1,,,3,85
Chives (fresh),24,8,1/2,,,3/4,21
Chocolate (chopped),48,16,1,,,6,170
Chocolate Chips,48,16,1,,,6,170
Chocolate Chunks,48,16,1,,,6,170
Chocolate Mousse Mix,12,4,1/4,,,1,28
Cinnamon Sweet Bits,12,4,1/4,,,1 1/4,35
Cinnamon-Sugar,12,4,1/4,,,1 3/4,50
Climate Blend Flour,48,16,1,,,4,115
Cocoa (unsweetened),24,8,1/2,,,1 1/2,42
Coconut (sweetened shredded),48,16,1,,,3,85
Coconut (toasted),48,16,1,,,3,85
Coconut (unsweetened desiccated),48,16,1,,,3,85
Coconut (unsweetened large flakes),48,16,1,,,2 1/8,60
Coconut (unsweetened shredded),48,16,1,,,1 7/8,53
Coconut cream (unsweetened),48,16,1,,,10,284
Coconut Flour,48,16,1,,,4 1/2,128
Coconut milk (evaporated),48,16,1,,,8 1/2,242
Coconut Milk Powder,24,8,1/2,,,2,57
Coconut milk canned well shaken,48,16,1,,,8 1/2,241
Coconut oil,24,8,1/2,,,4,113
Coconut sugar,24,8,1/2,,,2 3/4,77
Confectioners' sugar (unsifted),48,16,1,,,4,113
Cookie butter,12,4,1/4,,,2 1/2,72
Cookie crumbs,48,16,1,,,3,85
Corn (fresh or frozen),12,4,1/4,,,1 1/3,38
Corn (popped),192,64,4,,,3/4,21
Corn syrup,48,16,1,,,11,312
Cornmeal (whole),48,16,1,,,4 7/8,138
Cornmeal (yellow Quaker),48,16,1,,,5 1/2,156
Cornstarch,12,4,1/4,,,1,28
Cottage cheese,24,8,1/2,,,4,113
Cracked wheat,48,16,1,,,5 1/4,149
Cranberries (dried),24,8,1/2,,,2,57
Cranberries (fresh or frozen),48,16,1,,,3 1/2,99
Cream (heavy/light/half & half),48,16,1,,,8,227
Cream cheese,48,16,1,,,8,227
Cream of coconut,24,8,1/2,,,5,142
Creme fraiche,24,8,1/2,,,4,113
Currants,48,16,1,,,5,142
Dates (chopped),48,16,1,,,5 1/4,149
Demerara sugar,48,16,1,,,7 3/4,220
Dried Blueberry Powder,12,4,1/4,,,1,28
Dried milk (Baker's Special Dry Milk),12,4,1/4,,,1,28
Dried nonfat milk (powdered),12,4,1/4,,,1,28
Dried potato flakes (instant mashed potatoes),24,8,1/2,,,1 1/2,43
Dried whole milk (powdered),24,8,1/2,,,1 3/4,50
Durum Flour,48,16,1,,,4 3/8,124
Easy Roll Dough Improver,6,2,1/8,,,5/8,18
Egg (fresh),,,,1,,1 3/4,50
Egg white (fresh),,,,1,,1 to 1 1/4,30 to 35
Egg whites (dried),6,2,1/8,,,3/8,11
Egg yolk (fresh),,,,1,,1/2,14
Espresso Powder,3,1,1/16,,,1/4,7
Everything Bagel Topping,12,4,1/4,,,1 1/4,35
Figs (dried chopped),48,16,1,,,5 1/4,149
First Clear Flour,48,16,1,,,3 3/4,106
Flax meal,24,8,1/2,,,1 3/4,50
Flaxseed,12,4,1/4,,,1 1/4,35
Formaggio Italiano Cheese and Herb Blend,12,4,1/4,,,1,30
French-Style Flour,48,16,1,,,4 1/4,120
Fruitcake Fruit Blend,48,16,1,,,4 1/4,120
Garlic (cloves in skin for roasting),,,,,1,4,113
Garlic (minced),6,2,1/8,,,1,28
Garlic (peeled and sliced),48,16,1,,,5 1/4,149
Ghee,12,4,1/4,,,1 1/2,44
Ginger (fresh sliced),12,4,1/4,,,2,57
Gluten-Free All-Purpose Baking Mix,48,16,1,,,4 1/4,120
Gluten-Free All-Purpose Flour,48,16,1,,,5 1/2,156
Gluten-Free Bread Flour,48,16,1,,,4 1/4,120
Gluten-Free Measure for Measure Flour,48,16,1,,,4 1/4,120
Gluten-Free Pizza Flour,48,16,1,,,3 1/2,100
Gluten-Free sourdough starter (made with GF Bread Flour),48,16,1,,,6 to 6 1/2,170 to 185
Gluten-Free sourdough starter (made with GF Measure for Measure Flour),48,16,1,,,8 to 8 1/2,227 to 241
Glutinous rice flour,48,16,1,,,4 1/4,120
Golden Wheat Flour,48,16,1,,,4,113
Graham cracker crumbs,48,16,1,,,3 1/2,100
Granola,48,16,1,,,4,113
Grape Nuts,24,8,1/2,,,2,57
Guava paste,12,4,1/4,,,3 1/2,100
Harvest Grains Blend,24,8,1/2,,,2 5/8,74
Hazelnut flour,48,16,1,,,3 1/8,89
Hazelnut Praline Paste,24,8,1/2,,,5 1/2,156
Hazelnut spread,24,8,1/2,,,5 5/8,160
Hazelnuts (whole),48,16,1,,,5,142
Hi-Maize Natural Fiber,12,4,1/4,,,1 1/8,32
High-Gluten Flour,48,16,1,,,4 1/4,120
Honey,3,1,1/16,,,3/4,21
Instant Clearjel,3,1,1/16,,,3/8,11
Irish-Style Flour,48,16,1,,,3 7/8,110
Italian Herb Seasoning,6,2,1/8,,,1/2,14
Italian-Style Flour,48,16,1,,,3 3/4,106
Jam or preserves,12,4,1/4,,,3,85
Jammy Bits,48,16,1,,,6 1/2,184
Keto Wheat Flour,48,16,1,,,4 1/4,120
Keto Wheat Pizza Crust Mix,48,16,1,,,3 7/8,110
Key Lime Juice,48,16,1,,,8,227
Lard,24,8,1/2,,,4,113
Leeks (diced),48,16,1,,,3 1/4,92
Lemon Crumbles,48,16,1,,,6 1/3,180
Lemon Curd,24,8,1/2,,,4,113
Lemon juice,3,1,1/16,,,1/2,14
Lemon Juice Powder,6,2,1/8,,,5/8,18
Lime Juice Powder,6,2,1/8,,,5/8,18
Macadamia nuts (whole),48,16,1,,,5 1/4,149
Malt syrup,6,2,1/8,,,1 1/2,43
Malted Milk Powder,12,4,1/4,,,1 1/4,35
Malted Wheat Flakes,24,8,1/2,,,2 1/4,64
Maple Cinnamon French Toast Sugar,12,4,1/4,,,1 2/3,48
Maple Cream,6,2,1/8,,,1 1/2,42
Maple sugar,24,8,1/2,,,2 3/4,78
Maple syrup,24,8,1/2,,,5 1/2,156
Marshmallow Fluff,48,16,1,,,4 1/2,128
Marshmallow spread (homemade),48,16,1,,,2 1/2,72
Marshmallow spread (store-bought),48,16,1,,,4 1/3,123
Marshmallows (mini),48,16,1,,,1 1/2,43
Marzipan,48,16,1,,,10 1/8,290
Masa Harina,48,16,1,,,3 1/4,93
Mascarpone cheese,48,16,1,,,8,227
Mashed potatoes,48,16,1,,,7 1/2,213
Mashed sweet potatoes,48,16,1,,,8 1/2,240
Matcha powder,6,2,1/8,,,3/8,12
Mayonnaise,24,8,1/2,,,4,113
Medium Rye Flour,48,16,1,,,3 3/4,106
Meringue powder,12,4,1/4,,,1 1/2,43
Milk (evaporated),24,8,1/2,,,4,113
Milk (fresh),48,16,1,,,8,227
Millet (whole),24,8,1/2,,,3 5/8,103
Mini chocolate chips,48,16,1,,,6 1/4,177
Mini Diced Ginger,24,8,1/2,,,2 1/2,73
Molasses,12,4,1/4,,,3,85
Mushrooms (sliced),48,16,1,,,2 3/4,78
Non-Diastatic Malt Powder,6,2,1/8,,,5/8,18
Nutella,24,8,1/2,,,5 1/4,149
Oat bran,24,8,1/2,,,1 7/8,53
Oat Flour,48,16,1,,,3 1/4,92
Oats (King Arthur Rolled),48,16,1,,,4,113
Oats (old-fashioned or quick-cooking),48,16,1,,,3 1/8,89
Oats (prepared),48,16,1,,,5 1/8,147
Olive oil,12,4,1/4,,,1 3/4,50
Olives (sliced),48,16,1,,,5,142
Onions (fresh diced),48,16,1,,,5,142
Paleo Baking Flour,48,16,1,,,3 5/8,104
Palm shortening,12,4,1/4,,,1 1/2,45
Passion fruit puree,16,5 1/3,1/3,,,2 1/8,60
Pasta Flour Blend,48,16,1,,,5 1/8,145
Pastry Flour,48,16,1,,,3 3/4,106
Pastry Flour Blend,48,16,1,,,4,113
Peaches (peeled and diced),48,16,1,,,6,170
Peanut butter,24,8,1/2,,,4 3/4,135
Peanuts (whole shelled),48,16,1,,,5,142
Pears (peeled and diced),48,16,1,,,5 3/4,163
Pecan Meal,48,16,1,,,2 3/4,80
Pecans (diced),24,8,1/2,,,2,57
Pecans (whole),48,16,1,,,3 3/4,105
Pie Filling Enhancer,12,4,1/4,,,1 5/8,46
Pine nuts,24,8,1/2,,,2 1/2,71
Pineapple (crushed drained),48,16,1,,,9,256
Pineapple (dried),24,8,1/2,,,2 1/2,71
Pineapple (fresh or canned diced),48,16,1,,,6,170
Pistachio nuts (shelled),24,8,1/2,,,2 1/8,60
Pistachio Paste,12,4,1/4,,,2 3/4,78
Pizza Dough Flavor,6,2,1/8,,,4/10,12
Pizza Flour Blend,48,16,1,,,4 3/8,124
Pizza sauce,12,4,1/4,,,2,57
Pizza Seasoning,6,2,1/8,,,1/3,10
Polenta (coarse ground cornmeal),48,16,1,,,5 3/4,163
Poppy seeds,6,2,1/8,,,5/8,18
Potato Flour,12,4,1/4,,,1 5/8,46
Potato starch,48,16,1,,,5 3/8,152
Pumpernickel Flour,48,16,1,,,3 3/4,106
Pumpkin puree,48,16,1,,,8,227
Pumpkin seeds,12,4,1/4,,,1 3/8,40
Queso fresco,24,8,1/2,,,2,57
Quinoa (cooked),48,16,1,,,6 1/2,184
Quinoa (whole),48,16,1,,,6 1/4,177
Quinoa flour,48,16,1,,,3 7/8,110
Raisins (loose),48,16,1,,,5 1/4,149
Raisins (packed),24,8,1/2,,,3,85
Raspberries (fresh),48,16,1,,,4 1/4,120
Rhubarb (sliced),48,16,1,,,4 1/4 to 5,120 to 140
Rice (long grain dry),24,8,1/2,,,3 1/2,99
Rice flour (white),48,16,1,,,5,142
Rice Krispies,48,16,1,,,1,28
Rye Bread Improver,6,2,1/8,,,1/2,14
Rye Chops,48,16,1,,,4 1/4,120
Rye flakes,48,16,1,,,4 3/8,124
Rye Flour Blend,48,16,1,,,3 3/4,106
Salt (Kosher Diamond Crystal),3,1,1/16,,,1/4,8
Salt (Kosher Morton's),3,1,1/16,,,1/2,16
Salt (table),3,1,1/16,,,2/3,18
Scallions (sliced),48,16,1,,,2 1/4,64
Self-Rising Flour,48,16,1,,,4,113
Semolina Flour,48,16,1,,,5 3/4,163
Sesame seeds,24,8,1/2,,,2 1/2,71
Shallots (peeled and sliced),48,16,1,,,5 1/2,156
Six-Grain Blend,48,16,1,,,4 1/2,128
Snow White Non-Melting Topping Sugar,24,8,1/2,,,2,57
Sorghum flour,48,16,1,,,4 7/8,138
Sour cream,48,16,1,,,8,227
Sourdough starter,48,16,1,,,8 to 8 1/2,227 to 241
Soy flour,12,4,1/4,,,1 1/4,35
Sparkling Sugar,12,4,1/4,,,2,57
Spelt Flour,48,16,1,,,3 1/2,99
Sprouted Wheat Flour,48,16,1,,,4,113
Steel cut oats,24,8,1/2,,,2 1/2,70
Sticky Bun Sugar,48,16,1,,,3 1/2,99
Strawberries (fresh sliced),48,16,1,,,5 7/8,167
Sugar (granulated white),48,16,1,,,7,198
Sugar substitute (Splenda),48,16,1,,,7/8,25
Sundried tomatoes (dry pack),48,16,1,,,6,170
Sunflower seeds,12,4,1/4,,,1 1/4,35
Super 10 Blend,48,16,1,,,3 3/4,106
Swedish Pearl Sugar,12,4,1/4,,,1 3/4,49
Sweetened condensed coconut milk,48,16,1,,,10 1/8,288
Sweetened condensed milk,12,4,1/4,,,2 3/4,78
Tahini paste,24,8,1/2,,,4 1/2,128
Tapioca (quick cooking),6,2,1/8,,,3/4,21
Tapioca starch or flour,48,16,1,,,4,113
Tef flour,48,16,1,,,4 3/4,135
The Works Bread Topping,12,4,1/4,,,1 1/4,35
Toasted Almond Flour,48,16,1,,,3 3/8,96
Toffee chunks,48,16,1,,,5 1/2,156
Tomato paste,6,2,1/8,,,1,29
Tropical Fruit Blend,48,16,1,,,4 1/2 to 5,128 to 142
Turbinado sugar (raw),48,16,1,,,6 3/8,180
Unbleached Cake Flour,48,16,1,,,4 1/4,120
Vanilla Extract,3,1,1/16,,,1/2,14
Vegetable oil,48,16,1,,,7,198
Vegetable shortening,12,4,1/4,,,1 5/8,46
Vital Wheat Gluten,6,2,1/8,,,5/8,18
Walnuts (chopped),48,16,1,,,4,113
Walnuts (whole),24,8,1/2,,,2 1/4,64
Water,48,16,1,,,8,227
Wheat berries (red),48,16,1,,,6 1/2,184
Wheat bran,24,8,1/2,,,1 1/8,32
Wheat germ,12,4,1/4,,,1,28
White Chocolate Chips,48,16,1,,,6,170
White Rye Flour,48,16,1,,,3 3/4,106
Whole Grain Flour Blend,48,16,1,,,4,113
Whole Wheat Flour (Premium 100%),48,16,1,,,4,113
Whole Wheat Pastry Flour / Graham Flour,48,16,1,,,3 3/8,96
Yeast (instant),2,2/3,1/24,,,1/5,6
Yeast (instant),2 1/4,3/4,3/64,,,1/4,7
Yeast (instant),3,1,1/16,,,1/3,9
Yogurt,48,16,1,,,8,227
Yuletide Cheer Fruit Blend,48,16,1,,,4 1/2,130
Zucchini (shredded),48,16,1,,,4 1/4 to 5 1/4,121 to 150
